品物名,補充パターン区分,補充元場所名,補充先場所名,作成・発注依頼先
塩,MOVE,調味料棚,2階,
砂糖,MOVE,調味料棚,2階,
醤油,MOVE,調味料棚,2階,
みりん,MOVE,調味料棚,2階,
サラダ油,MOVE,調味料棚,2階,
ドレッシング,MOVE,調味料棚,2階,
ハラペーニョ,MOVE,調味料棚,3階,
マヨネーズ,MOVE,調味料棚,3階,
塩,MOVE,調味料棚,キッチン,
ケチャップ,MOVE,調味料棚,その他,
マスタード,MOVE,調味料棚,その他,
タバスコ,MOVE,調味料棚,その他,
ラー油,MOVE,調味料棚,その他,2階
豆板醤,MOVE,調味料棚,その他,
バジルソース,MOVE,調味料棚,その他,
クリームチーズ,MOVE,調味料棚,その他,
生クリーム,MOVE,調味料棚,その他,
フォアグラペースト,MOVE,調味料棚,その他,
ブラックペッパー,MOVE,スパイスラック,2階,
パセリ,MOVE,スパイスラック,3階,
ローズマリー,MOVE,スパイスラック,キッチン,
カルダモン,MOVE,スパイスラック,その他,
コリアンダー,MOVE,スパイスラック,その他,
クミン,MOVE,スパイスラック,その他,
ナツメグ,MOVE,スパイスラック,その他,
牛乳,MOVE,牛乳冷蔵庫,2階,
調整豆乳,MOVE,牛乳冷蔵庫,2階,
レモン果汁,MOVE,牛乳冷蔵庫,キッチン,
生クリーム,MOVE,牛乳冷蔵庫,キッチン,
ブルーチーズソース,MOVE,牛乳冷蔵庫,その他,
白ワイン,MOVE,牛乳冷蔵庫,その他,
赤ワイン,MOVE,牛乳冷蔵庫,その他,
シェリー酒,MOVE,牛乳冷蔵庫,その他,
日本酒,MOVE,牛乳冷蔵庫,その他,
みりん,MOVE,牛乳冷蔵庫,その他,
レモン,MOVE,牛乳冷蔵庫,その他,
ライム,MOVE,牛乳冷蔵庫,その他,
レモングラス,MOVE,牛乳冷蔵庫,その他,
アルミホイル,MOVE,資材棚,2階,
ラップ,MOVE,資材棚,2階,
クッキングシート,MOVE,資材棚,2階,
キッチンペーパー,MOVE,資材棚,2階,
ペーパータオル,MOVE,資材棚,2階,
ゴム手袋S,MOVE,資材棚,2階,
ゴム手袋M,MOVE,資材棚,2階,
ゴム手袋L,MOVE,資材棚,2階,
ポリ袋大,MOVE,資材棚,2階,
ポリ袋中,MOVE,資材棚,2階,
ポリ袋小,MOVE,資材棚,2階,
輪ゴム,MOVE,資材棚,2階,
テープ,MOVE,資材棚,2階,
段ボール,MOVE,資材棚,2階,
割り箸並,MOVE,資材棚,3階,
割り箸祝箸,MOVE,資材棚,3階,
スプーン大,MOVE,資材棚,3階,
スプーン中,MOVE,資材棚,3階,
スプーン小,MOVE,資材棚,3階,
フォーク大,MOVE,資材棚,3階,
フォーク中,MOVE,資材棚,3階,
フォーク小,MOVE,資材棚,3階,
ナイフ大,MOVE,資材棚,3階,
ナイフ小,MOVE,資材棚,3階,
ストロー,MOVE,資材棚,3階,
紙おしぼり,MOVE,資材棚,3階,
ドリンクスタンド,MOVE,資材棚,3階,
皿,MOVE,資材棚,その他,
グラス,MOVE,資材棚,その他,
黄もも林檎スムージー,MOVE,スチコン下冷蔵庫,その他,
マンゴー林檎スムージー,MOVE,スチコン下冷蔵庫,その他,
ミックスベリースムージー,MOVE,スチコン下冷蔵庫,その他,
塩,MOVE,調味料棚,2階,
砂糖,MOVE,調味料棚,2階,
醤油,MOVE,調味料棚,2階,
みりん,MOVE,調味料棚,2階,
サラダ油,MOVE,調味料棚,2階,
ドレッシング,MOVE,調味料棚,2階,
ハラペーニョ,MOVE,調味料棚,3階,
マヨネーズ,MOVE,調味料棚,3階,
塩,MOVE,調味料棚,キッチン,
ケチャップ,MOVE,調味料棚,その他,
マスタード,MOVE,調味料棚,その他,
タバスコ,MOVE,調味料棚,その他,
ラー油,MOVE,調味料棚,その他,2階
豆板醤,MOVE,調味料棚,その他,
バジルソース,MOVE,調味料棚,その他,
クリームチーズ,MOVE,調味料棚,その他,
生クリーム,MOVE,調味料棚,その他,
フォアグラペースト,MOVE,調味料棚,その他,
ブラックペッパー,MOVE,スパイスラック,2階,
パセリ,MOVE,スパイスラック,3階,
ローズマリー,MOVE,スパイスラック,キッチン,
カルダモン,MOVE,スパイスラック,その他,
コリアンダー,MOVE,スパイスラック,その他,
クミン,MOVE,スパイスラック,その他,
ナツメグ,MOVE,スパイスラック,その他,
牛乳,MOVE,牛乳冷蔵庫,2階,
調整豆乳,MOVE,牛乳冷蔵庫,2階,
レモン果汁,MOVE,牛乳冷蔵庫,キッチン,
生クリーム,MOVE,牛乳冷蔵庫,キッチン,
ブルーチーズソース,MOVE,牛乳冷蔵庫,その他,
白ワイン,MOVE,牛乳冷蔵庫,その他,
赤ワイン,MOVE,牛乳冷蔵庫,その他,
シェリー酒,MOVE,牛乳冷蔵庫,その他,
日本酒,MOVE,牛乳冷蔵庫,その他,
みりん,MOVE,牛乳冷蔵庫,その他,
レモン,MOVE,牛乳冷蔵庫,その他,
ライム,MOVE,牛乳冷蔵庫,その他,
レモングラス,MOVE,牛乳冷蔵庫,その他,
アルミホイル,MOVE,資材棚,2階,
ラップ,MOVE,資材棚,2階,
クッキングシート,MOVE,資材棚,2階,
キッチンペーパー,MOVE,資材棚,2階,
ペーパータオル,MOVE,資材棚,2階,
ゴム手袋S,MOVE,資材棚,2階,
ゴム手袋M,MOVE,資材棚,2階,
ゴム手袋L,MOVE,資材棚,2階,
ポリ袋大,MOVE,資材棚,2階,
ポリ袋中,MOVE,資材棚,2階,
ポリ袋小,MOVE,資材棚,2階,
輪ゴム,MOVE,資材棚,2階,
テープ,MOVE,資材棚,2階,
段ボール,MOVE,資材棚,2階,
割り箸並,MOVE,資材棚,3階,
割り箸祝箸,MOVE,資材棚,3階,
スプーン大,MOVE,資材棚,3階,
スプーン中,MOVE,資材棚,3階,
スプーン小,MOVE,資材棚,3階,
フォーク大,MOVE,資材棚,3階,
フォーク中,MOVE,資材棚,3階,
フォーク小,MOVE,資材棚,3階,
ナイフ大,MOVE,資材棚,3階,
ナイフ小,MOVE,資材棚,3階,
ストロー,MOVE,資材棚,3階,
紙おしぼり,MOVE,資材棚,3階,
ドリンクスタンド,MOVE,資材棚,3階,
皿,MOVE,資材棚,その他,
グラス,MOVE,資材棚,その他,
黄もも林檎スムージー,MOVE,スチコン下冷蔵庫,その他,
マンゴー林檎スムージー,MOVE,スチコン下冷蔵庫,その他,
ミックスベリースムージー,MOVE,スチコン下冷蔵庫,その他,
塩,MOVE,調味料棚,2階,
砂糖,MOVE,調味料棚,2階,
醤油,MOVE,調味料棚,2階,
みりん,MOVE,調味料棚,2階,
サラダ油,MOVE,調味料棚,2階,
ドレッシング,MOVE,調味料棚,2階,
ハラペーニョ,MOVE,調味料棚,3階,
マヨネーズ,MOVE,調味料棚,3階,
塩,MOVE,調味料棚,キッチン,
ケチャップ,MOVE,調味料棚,その他,
マスタード,MOVE,調味料棚,その他,
タバスコ,MOVE,調味料棚,その他,
ラー油,MOVE,調味料棚,その他,2階
豆板醤,MOVE,調味料棚,その他,
バジルソース,MOVE,調味料棚,その他,
クリームチーズ,MOVE,調味料棚,その他,
生クリーム,MOVE,調味料棚,その他,
フォアグラペースト,MOVE,調味料棚,その他,
ブラックペッパー,MOVE,スパイスラック,2階,
パセリ,MOVE,スパイスラック,3階,
ローズマリー,MOVE,スパイスラック,キッチン,
カルダモン,MOVE,スパイスラック,その他,
コリアンダー,MOVE,スパイスラック,その他,
クミン,MOVE,スパイスラック,その他,
ナツメグ,MOVE,スパイスラック,その他,
牛乳,MOVE,牛乳冷蔵庫,2階,
調整豆乳,MOVE,牛乳冷蔵庫,2階,
レモン果汁,MOVE,牛乳冷蔵庫,キッチン,
生クリーム,MOVE,牛乳冷蔵庫,キッチン,
ブルーチーズソース,MOVE,牛乳冷蔵庫,その他,
白ワイン,MOVE,牛乳冷蔵庫,その他,
赤ワイン,MOVE,牛乳冷蔵庫,その他,
シェリー酒,MOVE,牛乳冷蔵庫,その他,
日本酒,MOVE,牛乳冷蔵庫,その他,
みりん,MOVE,牛乳冷蔵庫,その他,
レモン,MOVE,牛乳冷蔵庫,その他,
ライム,MOVE,牛乳冷蔵庫,その他,
レモングラス,MOVE,牛乳冷蔵庫,その他,
アルミホイル,MOVE,資材棚,2階,
ラップ,MOVE,資材棚,2階,
クッキングシート,MOVE,資材棚,2階,
キッチンペーパー,MOVE,資材棚,2階,
ペーパータオル,MOVE,資材棚,2階,
ゴム手袋S,MOVE,資材棚,2階,
ゴム手袋M,MOVE,資材棚,2階,
ゴム手袋L,MOVE,資材棚,2階,
ポリ袋大,MOVE,資材棚,2階,
ポリ袋中,MOVE,資材棚,2階,
ポリ袋小,MOVE,資材棚,2階,
輪ゴム,MOVE,資材棚,2階,
テープ,MOVE,資材棚,2階,
段ボール,MOVE,資材棚,2階,
割り箸並,MOVE,資材棚,3階,
割り箸祝箸,MOVE,資材棚,3階,
スプーン大,MOVE,資材棚,3階,
スプーン中,MOVE,資材棚,3階,
スプーン小,MOVE,資材棚,3階,
フォーク大,MOVE,資材棚,3階,
フォーク中,MOVE,資材棚,3階,
フォーク小,MOVE,資材棚,3階,
ナイフ大,MOVE,資材棚,3階,
ナイフ小,MOVE,資材棚,3階,
ストロー,MOVE,資材棚,3階,
紙おしぼり,MOVE,資材棚,3階,
ドリンクスタンド,MOVE,資材棚,3階,
皿,MOVE,資材棚,その他,
グラス,MOVE,資材棚,その他,
黄もも林檎スムージー,MOVE,スチコン下冷蔵庫,その他,
マンゴー林檎スムージー,MOVE,スチコン下冷蔵庫,その他,
ミックスベリースムージー,MOVE,スチコン下冷蔵庫,その他,
塩,MOVE,調味料棚,2階,
砂糖,MOVE,調味料棚,2階,
醤油,MOVE,調味料棚,2階,
みりん,MOVE,調味料棚,2階,
サラダ油,MOVE,調味料棚,2階,
ドレッシング,MOVE,調味料棚,2階,
ハラペーニョ,MOVE,調味料棚,3階,
マヨネーズ,CREATION,調味料棚,3階,
塩,MOVE,調味料棚,キッチン,
ケチャップ,CREATION,調味料棚,その他,
マスタード,MOVE,調味料棚,その他,
タバスコ,MOVE,調味料棚,その他,
ラー油,MOVE,調味料棚,その他,2階
豆板醤,MOVE,調味料棚,その他,
バジルソース,MOVE,調味料棚,その他,
クリームチーズ,CREATION,調味料棚,その他,
生クリーム,CREATION,調味料棚,その他,
フォアグラペースト,MOVE,調味料棚,その他,
ブラックペッパー,MOVE,スパイスラック,2階,
パセリ,MOVE,スパイスラック,3階,
ローズマリー,MOVE,スパイスラック,キッチン,
カルダモン,MOVE,スパイスラック,その他,
コリアンダー,MOVE,スパイスラック,その他,
クミン,MOVE,スパイスラック,その他,
ナツメグ,MOVE,スパイスラック,その他,
牛乳,MOVE,牛乳冷蔵庫,2階,
調整豆乳,MOVE,牛乳冷蔵庫,2階,
レモン果汁,MOVE,牛乳冷蔵庫,キッチン,
生クリーム,MOVE,牛乳冷蔵庫,キッチン,
ブルーチーズソース,MOVE,牛乳冷蔵庫,その他,
白ワイン,MOVE,牛乳冷蔵庫,その他,
赤ワイン,MOVE,牛乳冷蔵庫,その他,
シェリー酒,MOVE,牛乳冷蔵庫,その他,
日本酒,MOVE,牛乳冷蔵庫,その他,
みりん,MOVE,牛乳冷蔵庫,その他,
レモン,MOVE,牛乳冷蔵庫,その他,
ライム,MOVE,牛乳冷蔵庫,その他,
レモングラス,MOVE,牛乳冷蔵庫,その他,
アルミホイル,MOVE,資材棚,2階,
ラップ,MOVE,資材棚,2階,
クッキングシート,MOVE,資材棚,2階,
キッチンペーパー,MOVE,資材棚,2階,
ペーパータオル,MOVE,資材棚,2階,
ゴム手袋S,MOVE,資材棚,2階,
ゴム手袋M,MOVE,資材棚,2階,
ゴム手袋L,MOVE,資材棚,2階,
ポリ袋大,MOVE,資材棚,2階,
ポリ袋中,MOVE,資材棚,2階,
ポリ袋小,MOVE,資材棚,2階,
輪ゴム,MOVE,資材棚,2階,
テープ,MOVE,資材棚,2階,
段ボール,MOVE,資材棚,2階,
割り箸並,MOVE,資材棚,3階,
割り箸祝箸,MOVE,資材棚,3階,
スプーン大,MOVE,資材棚,3階,
スプーン中,MOVE,資材棚,3階,
スプーン小,MOVE,資材棚,3階,
フォーク大,MOVE,資材棚,3階,
フォーク中,MOVE,資材棚,3階,
フォーク小,MOVE,資材棚,3階,
ナイフ大,MOVE,資材棚,3階,
ナイフ小,MOVE,資材棚,3階,
ストロー,MOVE,資材棚,3階,
紙おしぼり,MOVE,資材棚,3階,
ドリンクスタンド,MOVE,資材棚,3階,
皿,MOVE,資材棚,その他,
グラス,MOVE,資材棚,その他,
黄もも林檎スムージー,CREATION,スチコン下冷蔵庫,その他,
マンゴー林檎スムージー,CREATION,スチコン下冷蔵庫,その他,
ミックスベリースムージー,CREATION,スチコン下冷蔵庫,その他,
塩,MOVE,調味料棚,2階,
砂糖,MOVE,調味料棚,2階,
醤油,MOVE,調味料棚,2階,
みりん,MOVE,調味料棚,2階,
サラダ油,MOVE,調味料棚,2階,
ドレッシング,MOVE,調味料棚,2階,
ハラペーニョ,MOVE,調味料棚,3階,
マヨネーズ,CREATION,調味料棚,3階,
塩,MOVE,調味料棚,キッチン,
ケチャップ,CREATION,調味料棚,その他,
マスタード,MOVE,調味料棚,その他,
タバスコ,MOVE,調味料棚,その他,
ラー油,MOVE,調味料棚,その他,2階
豆板醤,MOVE,調味料棚,その他,
バジルソース,MOVE,調味料棚,その他,
クリームチーズ,CREATION,調味料棚,その他,
生クリーム,CREATION,調味料棚,その他,
フォアグラペースト,MOVE,調味料棚,その他,
ブラックペッパー,MOVE,スパイスラック,2階,
パセリ,MOVE,スパイスラック,3階,
ローズマリー,MOVE,スパイスラック,キッチン,
カルダモン,MOVE,スパイスラック,その他,
コリアンダー,MOVE,スパイスラック,その他,
クミン,MOVE,スパイスラック,その他,
ナツメグ,MOVE,スパイスラック,その他,
牛乳,MOVE,牛乳冷蔵庫,2階,
調整豆乳,MOVE,牛乳冷蔵庫,2階,
レモン果汁,MOVE,牛乳冷蔵庫,キッチン,
生クリーム,MOVE,牛乳冷蔵庫,キッチン,
ブルーチーズソース,MOVE,牛乳冷蔵庫,その他,
白ワイン,MOVE,牛乳冷蔵庫,その他,
赤ワイン,MOVE,牛乳冷蔵庫,その他,
シェリー酒,MOVE,牛乳冷蔵庫,その他,
日本酒,MOVE,牛乳冷蔵庫,その他,
みりん,MOVE,牛乳冷蔵庫,その他,
レモン,MOVE,牛乳冷蔵庫,その他,
ライム,MOVE,牛乳冷蔵庫,その他,
レモングラス,MOVE,牛乳冷蔵庫,その他,
アルミホイル,MOVE,資材棚,2階,
ラップ,MOVE,資材棚,2階,
クッキングシート,MOVE,資材棚,2階,
キッチンペーパー,MOVE,資材棚,2階,
ペーパータオル,MOVE,資材棚,2階,
ゴム手袋S,MOVE,資材棚,2階,
ゴム手袋M,MOVE,資材棚,2階,
ゴム手袋L,MOVE,資材棚,2階,
ポリ袋大,MOVE,資材棚,2階,
ポリ袋中,MOVE,資材棚,2階,
ポリ袋小,MOVE,資材棚,2階,
輪ゴム,MOVE,資材棚,2階,
テープ,MOVE,資材棚,2階,
段ボール,MOVE,資材棚,2階,
割り箸並,MOVE,資材棚,3階,
割り箸祝箸,MOVE,資材棚,3階,
スプーン大,MOVE,資材棚,3階,
スプーン中,MOVE,資材棚,3階,
スプーン小,MOVE,資材棚,3階,
フォーク大,MOVE,資材棚,3階,
フォーク中,MOVE,資材棚,3階,
フォーク小,MOVE,資材棚,3階,
ナイフ大,MOVE,資材棚,3階,
ナイフ小,MOVE,資材棚,3階,
ストロー,MOVE,資材棚,3階,
紙おしぼり,MOVE,資材棚,3階,
ドリンクスタンド,MOVE,資材棚,3階,
皿,MOVE,資材棚,その他,
グラス,MOVE,資材棚,その他,
黄もも林檎スムージー,CREATION,スチコン下冷蔵庫,その他,
マンゴー林檎スムージー,CREATION,スチコン下冷蔵庫,その他,
ミックスベリースムージー,CREATION,スチコン下冷蔵庫,その他,